insert into TblCustomer values
('00405', 'Barrington',     'Margaret',     '1765 Roundtree Pkwy',      'reno',         'nv', '89509-1454', 'USA',  '2008-07-12 00:00:00', 'barry@hotmail.com',     '7757464561', 'P', null),
('08892', 'Medina',         'Teresa',       'P.O.Box 5661',             'san jose',     'ca', '98123',      'USA',  '2001-04-01 00:00:00', 'twillbeth@ygmail.com',  '8098291838', 'P', null),
('12006', 'Martinez',       'Guadalupe',    '223 North Pinetree Drive', 'Reno',         'NV', '89511',      null,   '2018-02-14 00:00:00', 'gmartinez@ccu.edu',     '7758837612', 'P', null),
('21142', 'Candriller',     'Emily',        '2 Sedgeway',               'Laguna Beach', 'CA', '94567',      null,   '2019-12-11 00:00:00', 'kriller@mbu.edu',       '6198813929', 'P', null),
('29188', 'Polanski',       'Tiffany',      '5778 Battlemount Ct.',     'RENO',         'NV', '89507',      null,   '2011-08-23 00:00:00', 'skipole@gmail.com',     '7757465771', 'P', null),
('30192', 'Chen',           'Lian',         '2319 Crest Dr',            'REno',         'Nv', '89503-0113', null,   '1999-08-30 00:00:00', 'jester@here.com',       '7757218991', 'P', null),
('38817', 'Okeke',          'Bud',          '1001 Catchway',            'Anaheim',      'CA', '95113',      null,   '2019-03-12 00:00:00', 'bud@cservices.com',     '8037718991', 'P', null),
('39418', 'Agarwal',        'Sandeep',      '452 Anza Drive',           'San Diego',    'CA', '92125',      null,   '2020-02-02 00:00:00', 'agarwin@yahoo.com',     '8189929011', 'P', null),
('78112', 'Guili',          'Mary Anne',    '4457 Meridith St',         'Irvine',       'CA', '97128',      null,   '2012-10-09 00:00:00', 'ma@san.rr.com',         '6195621334', 'S', '12006'),
('00625', 'Dao',            'Phong',        '341 West Park',            'Fresno',       'CA', '96137',      null,   '2019-09-02 00:00:00', 'daop@gmail.com',        '8582138982', 'P', '78112'),
('06774', 'Phan',           'Sarah',        '44512 Sawbuck Path',       'SPARKS',       'nv', '89432',      'USA',  '2006-08-12 00:00:00', 'flipper@gmail.com',     '7753324636', 'S', '12006'),
('07831', 'Rodriguez',      'Karen',        '4589 Marthiam',            'Chico',        'CA', '97111',      null,   '2010-11-06 00:00:00', 'rodriguez@aol.com',     '8193821828', 'P', '00405'),
('12001', 'Cranston',       'Brittany',     '12 Sandstone',             'Sparks',       'NV', '89431',      null,   '2017-04-12 00:00:00', 'britters@ccb.com',      '7753312199', 'S', '12006'),
('32019', 'Stein',          'Martin',       '10 South Wilders',         'reno',         'nv', '89503-8912', 'USA',  '2020-02-12 00:00:00', 'mmm@hard.com',          '7753314838', 'P', '21142'),
('21143', 'Gutierrez',      'Yolanda',      '2341 Bramble Bush Drive',  'Sparks',       'NV', '89431-0112', null,   '2019-05-06 00:00:00', 'jj@isp.all.com',        '7753317188', 'S', '32019'),
('24221', 'Sassani',        'Mahsa',        '8891 Wedekind',            'Sparks',       'nV', '89426',      'USA',  '2020-01-15 00:00:00', 'mussiea@gmail.com',     '7752211233', 'P', '08892'),
('32817', 'Foster-Madani',  'Mohsen',       '318 Western Ave',          'SAN diego',    'ca', '92381',      null,   '1999-08-15 00:00:00', 'fosterja@gmail.com',    '8583284483', 'P', '30192');

insert into TblShipAddress values
(10, 'Maricopa Vineyards',  '7834 West Oakway Avenue',  '92711',        'USA',              '4129807811'),
(20, 'Jessica Riaz',        '35123 Caminito Corriente', '92120',        'USA',              '8584415660'),
(30, 'Baselite Industries', '7834 West Oakway Avenue',  '92711',        'USA',              '4129807811'),
(40, 'Jeremiah Blotsworth', '12 Spotting Dog',          'CV1 3LD',      'UK',               '440122489558'),
(50, 'Christchurch Stanza', '2104 Akaroa Road',         'CHR 7672',     'NZ',               '6409849380692'),
(60, 'Michael Lee',         '4778 Scofield Ct.',        '87764551',     'USA',              '2108967885'),
(65, 'Nguyen Thi Hoa',      '16/2 Quang Trung Street',  'Tran Tru',     'Long Am 654321',   '289896788544'),
(70, 'Ivan Smirnov',        '1500 15th Avenue',         '670128996',    'USA',              '8318892331'),
(80, 'January Wang',        '891 Aston St.',            'B4 7DA',       'UK',               '44490943958'),
(85, 'Esperanza Fernandez', 'Calle Aduana, 29',         '28010 Madrid', 'Spain',            '448395943958');

insert into TblOrder values
('123000',	'2020-02-02 00:00:00',	'A1',	'111',	'00405', null),
('200335',	'2020-01-26 00:00:00',	null,	'111',	'07831', 20),
('223344',	'2020-02-09 00:00:00',  null,	'231',	'21142', null),
('300221',	'2020-01-26 00:00:00',	'03',	'231',	'07831', 20),
('400001',	'2020-02-20 00:00:00',	'B3',   '111',	'32019', null),
('421988',	'2020-03-05 00:00:00',	null,	'117',	'24221', null),
('445511',	'2020-02-15 00:00:00',	'02',	'444',	'32019', null),
('450137',	'2019-12-29 00:00:00',	null,	'444',	'07831', 10),
('567123',	'2020-01-26 00:00:00',	null,	'444',	'07831', 10),
('651222',	'2020-01-29 00:00:00',	null,	'111',	'12006', null),
('671100',	'2020-02-19 00:00:00',	null,	'111',	'32019', 65),
('675990',	'2019-12-28 00:00:00',	null,	'111',	'00625', 40),
('781206',	'2020-02-15 00:00:00',	'06',	'231',	'38817', 85),
('892211',	'2019-12-28 00:00:00',	null,	'111',	'00625', null),
('980001',	'2020-01-22 00:00:00',	'04',	'444',	'78112', null),
('983983',	'2020-02-19 00:00:00',	null,	'111',	'32019', 50);

insert into tblItemType values
(10,	'Classic Board Games'),
(11,	'Word Games'),
(12,	'Science Fiction and Fantasy'),
(15,	'Mystery and Thrillers'),
(16,	'Romance'),
(17,	'Comedy and Jokes'),
(18,	'Board Game Party'),
(19,	'Family Games'),
(20,	'Office and Team Building');

insert into TblItem values
('A22444',	'Mombasa',	                                                            $41,	    15),
('A23441',	'New York City Monopoly Game Collector''s Edition',	                    $29.95,	    10),
('A23771',	'Mysterium',	                                                        $132.99,    12),
('A34665',	'Boggle Deluxe 5x5',	                                                $34.95,	    10),
('A34882',	'Falling Sky',	                                                        $99.99,	    10),
('A45111',	'How to Host a Murder - An Affair to Dismember',	                    $28.95,	    15),
('A89222',	'Pandante',	                                                            $125.99,	19),
('B67123',	'Tiny Epic Galaxies',	                                                $39.99,	    12),
('B67466',	'Diplomacy:  Game of Negotiation, Cunning and Deceit.',	                $43.95,	    20),
('B78244',	'Code Names',	                                                        $19.95,	    15),
('B78500',	'Pandemic Legacy',	                                                    $59.99,	    12),
('C26133',	'Knowledge Management:  Create a Learning Organization',	            $395.95,	20),
('C29179',	'Managing Change:  The Game for an Executive Retreat',	                $259.95,	20),
('C34122',	'A Game of Strategy, Negotiation and Excitement for Office Retreats',   $169.95,	20);

insert into TblOrderLine values
('123000',	'A23441',	8,	$29.95,	    null),
('123000',	'A34665',	30,	$37.95,	    65),
('123000',	'B67123',	5,	$389.99,    null),
('200335',	'A23441',	1,	$29.95,     null),
('200335',	'A34665',	1,	$34.95,	    null),
('200335',	'B67123',	1,	$39.99,	    null),
('200335',	'B67466',	1,	$43.95,	    null),
('223344',	'A23441',	55,	$29.95,	    60),
('223344',	'A23771',	15,	$122.99,    50),
('223344',	'A34665',	100,$23.95,	    50),
('223344',	'A34882',	35, $7.95,	    60),
('223344',	'B67123',	25,	$34.95,	    40),
('223344',	'B67466',	15,	$40.95,	    60),
('300221',	'A23771',	1,	$145.99,	null),
('300221',	'A34665',	1,	$35.95,	    null),
('300221',	'A34882',	1,	$92.99,	    null),
('300221',	'B67123',	1,	$39.99,	    null),
('300221',	'B78244',	1,	$19.95,	    null),
('400001',	'C26133',	1,	$395.95,	null),
('421988',	'B67466',	2,	$43.95,	    null),
('445511',	'C34122',	3,	$269.95,	null),
('450137',	'A23771',	16,	$135.99,	null),
('450137',	'A34665',	10,	$31,	    null),
('450137',  'A34882',	50,	$85.99,	    85),
('450137',	'B67123',	21,	$14.95,	    20),
('450137',	'B67466',	9,	$41.95,	    65),
('450137',	'C26133',	4,	$398.95,	10),
('450137',	'C34122',	6,	$167.95,	null),
('567123',	'C26133',	1,	$395.95,	null),
('651222',	'A34665',	5,	$37.95,	    null),
('651222',	'A34882',	16,	$90.99,	    40),
('651222',	'B78244',	21,	$17.99,	    null),
('671100',	'C29179',	1,	$259.95,	null),
('781206',	'B67466',	1,	$43.95,	    80),
('781206',	'C29179',	2,	$280,	    30),
('892211',	'C26133',	15,	$380,	    10),
('892211',	'C29179',	10,	$259.95,	50),
('892211',	'C34122',	8,	$200,	    10),
('980001',	'C29179',	3,	$275.99,	85),
('980001',	'C34122',	2,	$169.95,	40),
('983983',	'A23771',	1,	$135.99,	null),
('983983',	'B78244',	18,	$18.95,	    null);

insert into TblItemLocation values
('A23441',	'10',	11),
('A23441',	'20',	23),
('A23441',	'30',	25),
('A23771',	'10',	6),
('A23771',	'20',	4),
('A23771',	'30',	5),
('A34665',	'10',	141),
('A34882',	'10',	40),
('A34882',	'30',	55),
('A45111',	'10',	2),
('A45111',	'20',	3),
('A45111',	'30',	2),
('B67123',	'10',	22),
('B67123',	'20',	28),
('B67123',	'30',	6),
('B67123',	'40',	4),
('B67466',	'10',	0),
('B67466',	'20',	3),
('B67466',	'30',	4),
('B78244',	'20',	22),
('B78500',	'20',	8),
('B78500',	'30',	1),
('C29179',	'10',	15),
('C29179',	'20',	15),
('C34122',	'10',	16),
('C34122',	'20',	21);

insert into TblShipLine values
('2020-01-19 15:21:00',	'450137',	'B67123',	'20',	8,	'ups'),
('2020-01-23 18:33:00',	'892211',	'C34122',	'20',	3,	'UPS'),
('2020-01-23 19:11:00',	'892211',   'C34122',	'10',	2,	'UPS'),
('2020-01-23 19:32:00',	'892211',	'C29179',	'10',	6,	'UPS'),
('2020-01-27 14:51:00',	'450137',	'B67123',	'30',	14,	'Ups'),
('2020-01-27 18:23:00',	'450137',	'B67123',	'20',	3,	'UPS'),
('2020-01-27 20:43:00',	'450137',	'B67123',	'40',	4,	'ups'),
('2020-02-05 08:00:00',	'300221',	'A23771',	'20',	1,	'Ups'),
('2020-02-05 08:52:00',	'980001',	'C34122',	'10',	2,	'FEDEX'),
('2020-02-05 10:11:00',	'300221',	'B78244',	'20',	1,	'UPS'),
('2020-02-06 11:21:00',	'980001',	'C29179',	'10',	3,	'FEDex'),
('2020-02-10 08:22:00',	'223344',	'A23441',	'20',	20,	'UPS'),
('2020-02-10 10:15:00',	'223344',	'A34665',	'10',	45,	'UPs'),
('2020-02-10 10:17:00',	'223344',	'A23771',	'10',	8,	'ups'),
('2020-02-10 14:18:00',	'223344',	'A23441',	'10',	3,	'UPS'),
('2020-02-10 16:00:00',	'300221',	'A34665',	'10',	1,	'UPS'),
('2020-02-10 19:01:00',	'223344',	'A34882',	'10',	15,	'fedEX'),
('2020-02-10 19:34:00',	'223344',	'A23771',	'20',	2,	'UPS'),
('2020-02-10 19:53:00',	'223344',	'B67123',	'10',	13,	'UPS'),
('2020-02-11 19:57:00',	'223344',	'A23771',	'30',	5,	'UPS'),
('2020-02-12 08:12:00',	'223344',	'A23441',	'20',	5,	'Ups'),
('2020-02-12 08:45:00',	'300221',	'A34882',	'10',	1,	'UPs'),
('2020-02-12 10:16:00',	'223344',	'A34665',	'10',	65,	'ups'),
('2020-02-12 20:21:00',	'223344',	'A34882',	'10',	20,	'UPS'),
('2020-02-15 08:00:00',	'123000',	'A23441',	'20',	8,	'UPS'),
('2020-02-15 08:00:00',	'123000',	'A34665',	'10',	32,	'UPS'),
('2020-02-16 20:23:00',	'445511',	'C34122',	'10',	3,	'FeDEX'),
('2020-02-19 09:00:00',	'200335',	'A23441',	'20',	6,	'UPS'),
('2020-02-19 09:00:00',	'781206',	'B67466',	'30',	4,	'Delta Freight'),
('2020-02-20 10:04:00',	'300221',	'B67123',	'10',	1,	'UpS'),
('2020-02-21 09:56:00',	'200335',	'B67466',	'10',	1,	'Delta Freight'),
('2020-02-21 15:22:00',	'450137',	'A34665',	'10',	10,	'FeDeX'),
('2020-02-22 10:13:00',	'223344',	'B67123',	'10',	12,	'UPS'),
('2020-02-22 11:13:00',	'892211',	'C29179',	'10',	4,	'UPS'),
('2020-02-22 11:15:00',	'651222',	'A34882',	'30',	12,	'UPS'),
('2020-02-25 09:00:00',	'123000',	'B67123',	'10',	5,	'UPS'),
('2020-02-25 23:44:00',	'671100',	'C29179',	'10',	1,	'UPS'),
('2020-02-28 12:01:00',	'651222',	'A34882',	'30',	10,	'UPS'),
('2020-03-01 11:19:00',	'651222',	'A34882',	'30',	10,	'UPS'),
('2020-03-01 13:35:00',	'223344',	'A23771',	'30',	30,	'UPS'),
('2020-03-01 14:02:00',	'450137',	'B67466',	'20',	9,	'FedEx'),
('2020-03-02 13:44:00',	'450137',	'A34882',	'30',	15,	'UpS'),
('2020-03-02 20:24:00',	'651222',	'A34665',	'10',	2,	'UPS'),
('2020-03-02 20:24:00',	'651222',	'A34882',	'10',	5,	'UPS'),
('2020-03-04 20:25:00',	'651222',	'A34665',	'10',	3,	'UPS'),
('2020-03-05 17:33:00',	'651222',	'A34882',	'10',	10,	'FedEX'),
('2020-03-06 16:00:00',	'651222',	'B78244',	'20',	21,	'ups'),
('2020-03-19 12:33:00',	'651222',	'A34882',	'10',	1,	'UPS');

insert into TblItemCostHistory values
('A23441',	'2017-01-06 00:00:00',	$10.25),
('A23441',	'2017-05-12 00:00:00',	$10.5),
('A22444',	'2020-01-10 00:00:00',	$61.75),
('A22444',	'2020-01-15 00:00:00',	$64.23),
('A22444',	'2020-02-10 00:00:00',	$58.61),
('A23441',	'2018-09-23 00:00:00',	$10.88),
('A23441',	'2019-07-07 00:00:00',	$11.15),
('A23441',	'2020-01-05 00:00:00',	$10.35),
('A34665',	'2019-01-12 00:00:00',	$15),
('A34665',	'2019-07-15 00:00:00',	$14.5),
('A34665',	'2019-12-28 00:00:00',	$14.35),
('A23771',	'2017-07-23 00:00:00',	$8.5),
('A23771',	'2019-12-05 00:00:00',	$9.15),
('A34882',	'2018-02-19 00:00:00',	$75),
('A34882',	'2019-09-12 00:00:00',	$67),
('A34882',	'2020-02-05 00:00:00',	$62.5),
('A34882',	'2020-02-29 00:00:00',	$66.25),
('A89222',	'2018-04-09 00:00:00',	$89),
('A89222',	'2018-09-12 00:00:00',	$64),
('A89222',	'2019-02-21 00:00:00',	$64),
('A89222',	'2019-08-22 00:00:00',	$66),
('A89222',	'2019-12-02 00:00:00',	$68),
('B67123',	'2019-08-08 00:00:00',	$14.5),
('B67123',	'2019-10-10 00:00:00',	$17.5),
('B67123',	'2020-01-10 00:00:00',	$12.5),
('B67123',	'2020-02-20 00:00:00',	$17.52),
('B67466',	'2018-07-07 00:00:00',	$22.5),
('B67466',	'2019-06-28 00:00:00',	$28.9),
('B67466',	'2019-09-12 00:00:00',	$31),
('B67466',	'2020-01-09 00:00:00',	$29.5),
('B67466',	'2020-02-14 00:00:00',	$29.67),
('B78244',	'2019-07-15 00:00:00',	$14.5),
('B78500',	'2019-07-15 00:00:00',	$18),
('B78500',	'2019-09-25 00:00:00',	$21),
('B78500',	'2019-11-25 00:00:00',	$28.16),
('B78500',	'2020-02-10 00:00:00',	$20.35),
('C34122',	'2017-02-06 00:00:00',	$45),
('C34122',	'2018-02-06 00:00:00',	$48),
('C34122',	'2019-02-06 00:00:00',	$51),
('C29179',	'2019-08-07 00:00:00',	$160),
('C29179',	'2020-01-17 00:00:00',	$158.85),
('C26133',	'2018-07-13 00:00:00',	$200),
('C26133',	'2019-07-23 00:00:00',	$225),
('C26133',	'2019-09-18 00:00:00',	$235.75),
('C26133',	'2020-02-15 00:00:00',	$212.25),
('C26133',	'2020-01-15 00:00:00',	$211.25),
('B78500',	'2019-03-21 00:00:00',	$18.95),
('B67123',	'2019-10-21 00:00:00',	$18.8),
('B67123',	'2020-02-02 00:00:00',	$21.8),
('A23441',	'2020-02-02 00:00:00',	$12.5),
('A23441',	'2020-01-02 00:00:00',	$12.5),
('A23441',	'2019-11-08 00:00:00',	$14.75),
('C34122',	'2020-02-02 00:00:00',	$58.5),
('A22444',	'2019-12-15 00:00:00',	$65.25)

insert into tblReview values
('2020-02-12 09:16:00',	1,	'This is the worst company I''ve ever dealt with.  They still have not shipped my order and it was placed on January 26.  I will never buy anything from them again. Ever.',    '200335',	'A34665'),
('2020-02-14 10:15:00',	1,	'I don''t know how this company stays in business. They can''t ship anything on time, and their game selection isn''t all that great',	                                        '450137',	'C34122'),
('2020-02-18 23:16:00',	5,	'Shipping was fast, the game was in great shape, and I will order from them again.  Highly recommend',	                                                                        '300221',	'A23771'),
('2020-02-16 02:45:00',	4,	'This is one of the few companies that will ship internationally fairly cost effectively. They are slow, but at least shipping isn''t a ridiculous amount.',	                '223344',	'A23771'),
('2020-01-15 00:51:00',	3,	'They are slow. They overship.  They undership. They have the best shipping prices internationally, but nothing spectacular if you are shipping to the U.S. Buyer beware.',	    '445511',	'C34122'),
('2020-03-06 08:16:00',	5,	'Shipping internationally is the best because they are inexpensive and prompt.  I love them.',	                                                                                '892211',	'C29179'),
('2020-03-06 10:15:00',	4,	'I really like the game - it worked well for our organizational retreat.',	                                                                                                    '892211',	'C26133'),
('2020-02-28 18:22:00',	5,	'I think this is one of the best games out there to help organizations learn how to work together.',	                                                                        '450137',	'C34122'),
('2020-03-27 16:44:00',	4,	'They offer a unique variety of games at this site. Very different than games offered in other stores.',	                                                                    '421988',	'B67466'),
('2020-03-28 08:00:00',	2,	'I love the games, but I hate the customer service.  They never answer the phone or return emails.',	                                                                        '980001',	'C29179'),
('2020-03-16 09:00:00',	2,	'They didn''t ship to the correct location so I had to contact the company many times. Poor communication.',	                                                                '980001',	'C34122'),
('2020-03-24 21:34:00',	5,	'Unlike other reviewers, I''m happy with the customer service and the games',	                                                                                                '671100',	'C29179'),
('2020-03-22 23:59:00',	2,	'Waiting and waiting and waiting for my games.  Will they ever get delivered???',	                                                                                            '983983',	'B78244');
